Review ID,Product Name,Rating,Review Content,Timestamp,Customer Email,Product Category,Order Value,Fulfillment Status,Shipping Country
23b8c1e9-3924-46de-beb1-3b9046685257,Down-Sized Incremental Matrix,1.0,Challenge reach throughout team those sing despite sound receive let newspaper.,2025-05-10 16:21:32,ismall@may-turner.com,Prom Dresses,197.72,,Australia
bd9c66b3-ad3c-4d6d-9a3d-1fa7bc8960a9,Polarized Didactic Initiative,1.0,Lead soon property.,2025-03-09 11:07:09,shawn02@yahoo.com,Cocktail Dreses,485.1,,Germany
17fc695a-07a0-4a6e-8822-e8f36c031199,Adaptive Human-Resource Firmware,3.0,Interview trade knowledge city technology late seem style everyone sing machine dream key require doctor from throw ball.,2025-01-13 14:38:16,michelle55@anderson-wood.net,Plus Size Dresses,491.52,Cancelled,Germany
9a1de644-815e-46d1-bb8f-aa1837f8a88b,Persevering Executive Interface,2.0,Discuss really relationship ask imagine my indeed.,2025-04-17 19:10:20,john14@wright-davis.com,Cocktail Dresses,472.66,Fulfilled,Canada
b74d0fb1-32e7-4629-8fad-c1a606cb0fb3,Total Upward-Trending Toolset,2.0,Strategy hope show watch affect thing offer local wall fear hope.,2025-04-16 06:42:06,kwright@yahoo.com,Promdrsses,486.68,Delaye,United States
6b65a6a4-8b81-48f6-b38a-088ca65ed389,Realigned Stable Structure,2.0,Mrs same son today major event magazine home protect something right subject try wonder move trade option production base investment.,2025-02-26 09:11:10,kathrynjimenez@hotmail.com,Cocktail Dresses,483.14,Fulfilled,Canada
c241330b-01a9-471f-9e8a-774bcf36d58b,Implemented Didactic Approach,1.0,Perform draw list boy.,2025-01-31 14:01:39,pwagner@aguilar.com,Cocktail Dreses,377.85,Delaye,United Kingdom
1a2a73ed-562b-4f79-8374-59eef50bea63,Centralized Actuating Paradigm,5.0,Pattern try simple let stay or focus early various everything late seek now property.,2025-05-16 23:15:29,kathryn50@yahoo.com,,164.63,Returned,United Kingdom
5be6128e-18c2-4797-a142-ea7d17be3111,Polarized Motivating Moderator,1.0,Agreement surface consider deep something future they.,2025-05-04 19:53:51,michaelroberts@gordon-duran.com,Promdrsses,50.76,Fufilled,United Kingdom
43b7a3a6-9a8d-4a03-980d-7b71d8f56413,Diverse Analyzing Migration,5.0,New might course drop.,2025-02-03 19:19:22,theresalong@grant-diaz.com,Prom Dresses,292.3,Delayed,United Kingdom
759cde66-bacf-43d0-8b1f-9163ce9ff57f,Configurable Contextually-Based Architecture,4.0,Major serve real position make society.,2025-03-12 04:40:32,cporter@taylor.info,Evening Gowns,383.88,Fulfilled,United States
ec1b8ca1-f91e-4d4c-9ff4-9b7889463e85,Right-Sized Asymmetric Service-Desk,1.0,Family identify during professional hard.,2025-04-09 18:58:25,catherinerobertson@yahoo.com,,213.9,Delaye,United States
4b0dbb41-8d52-48f1-942c-3fe860e7a113,Front-Line Impactful Capability,1.0,Most international second former reflect even edge building court build movie several continue describe machine right with modern executive beyond.,2025-02-13 13:02:30,phillipjensen@yahoo.com,Prom Dresses,348.91,Fufilled,Australia
e2acf72f-9e57-4f7a-a0ee-89aed453dd32,Re-Contextualized Dynamic Paradigm,1.0,Fast guess few remain call animal approach factor want point sell bill.,2025-01-24 13:35:24,terickson@yahoo.com,Prom Dresses,191.26,,Canada
3139d32c-93cd-49bf-9c94-1cf0dc98d2c1,Right-Sized 6Thgeneration Process Improvement,2.0,Off light key continue anything wait local state husband available.,2025-02-09 00:38:11,mark16@parker.com,Cocktail Dresses,373.89,Fufilled,United Kingdom
a9488d99-0bbb-4599-91ce-5dd2b45ed1f0,Configurable Intangible Protocol,2.0,Rather charge specific we be easy newspaper indicate other peace simply herself training father open investment notice art whether between several personal enough ball dream necessary choose impact.,2025-01-27 23:12:47,tammy99@gmail.com,Plus Size Dresses,189.18,Delayed,Canada
fc377a4c-4a15-444d-85e7-ce8a3a578a8e,Reduced Non-Volatile Model,5.0,Like allow explain executive.,2025-02-15 23:16:14,ojackson@harvey.com,Bridesmaid Dresses,231.08,Fulfilled,Australia
ddd1dfb2-3b98-4ef8-9af6-1a26146d3f31,Intuitive Empowering Database,5.0,Author do enough social operation sound cup.,2025-04-06 22:18:32,leescott@hernandez-vaughn.biz,Promdrsses,107.28,Fufilled,Germany
7412b293-4729-4739-a14f-f3d719db3ad0,Synchronized Transitional Functionalities,1.0,Name positive training step author coach film see notice eye buy read record wall.,2025-01-06 02:29:32,thorntonapril@hotmail.com,Prom Dresses,473.16,,Australia
29a3b2e9-5d65-4441-9588-42dea2bc372f,Front-Line Empowering Infrastructure,5.0,Music just our threat same page ago director purpose team onto again share start office several.,2025-03-12 01:53:58,ufox@gmail.com,Cocktail Dresses,456.26,Cancelled,United Kingdom
ab9099a4-35a2-40ae-9af3-05535ec42e08,De-Engineered Static Project,2.0,Like prepare trouble consider one play man before girl four prove tax form.,2025-04-18 13:55:37,amy49@yahoo.com,Promdrsses,185.43,,Germany
451b4cf3-6123-4df7-b656-af7229d4beef,Cross-Platform Asynchronous Monitoring,5.0,Report financial add impact different.,2025-04-18 02:51:39,kellyroberts@hotmail.com,Plus Size Dresses,248.97,Fulfilled,Germany
b02b61c4-a3d7-4628-ace6-6fa2fd5166e6,Extended Motivating Firmware,4.0,Left brother strategy marriage respond meeting event strong.,2025-01-26 04:46:39,sandra47@harris.com,Evening Gowns,262.93,,Australia
5304317f-af42-412f-b838-b3268e944239,De-Engineered Grid-Enabled Architecture,2.0,During necessary himself two meet these tell everybody so increase various meet star executive fear only your majority chance Mrs generation necessary.,2025-04-29 19:53:09,danielyang@gmail.com,Plus Size Dresses,408.21,Delaye,Australia
0e51f30d-c6a7-4e39-84b0-32ccd7c524a5,Fully-Configurable Holistic Forecast,4.0,Help usually thank wonder draw him task improve fish.,2025-01-17 17:47:35,santiagoamanda@hall.info,Prom Dresses,88.16,,United Kingdom
ce177b4e-0837-48a3-9261-a7ab3aa2e4f9,Diverse Leadingedge Moratorium,5.0,Relate specific history professional star wonder manager already maybe.,2025-01-13 18:24:30,adampierce@russell.info,Bridesmaid Dresses,334.82,Fulfilled,Australia
10f1bc81-448a-4a9e-a6b2-bc5b50c187fc,Triple-Buffered Exuding Pricing Structure,3.0,Forward beyond suddenly between treat address century that wide avoid sit enter perhaps however bag forget purpose move west phone thought maintain must pay doctor.,2025-03-02 01:23:57,manuel01@andrews.com,Plus Size Dresses,418.29,Cancelled,Australia
9132b63e-f162-47e4-a9c3-49e03602f8ac,Streamlined Multi-Tasking Access,1.0,Young section its better plant their kitchen really tough animal someone fall.,2025-03-19 07:33:35,lkhan@osborn.info,Prom Dresses,352.76,Delaye,Australia
366eb16f-508e-4ad7-b7c9-3acfe059a0ee,Synchronized Neutral Framework,2.0,Issue each include radio conference company.,2025-05-20 05:09:09,nancy04@morrison.info,Prom Dresses,139.61,Returned,Canada
24933b83-7577-40a9-a491-f0b2ea1fca65,Fundamental Bifurcated Benchmark,4.0,Real lead few yourself table blood high grow fast recognize against.,2025-04-03 22:44:27,francisco74@lopez.org,Plus Size Dresses,263.81,Cancelled,Canada
beb79919-3f22-4af8-a3be-d01d43cf2fde,User-Friendly Neutral Collaboration,3.0,Ever not rate seat any.,2025-04-13 01:55:09,cherylfowler@wilcox-robertson.com,Plus Size Dresses,82.77,Fulfilled,Australia
956269f0-e5d7-4875-adad-d6c795a76d79,Expanded Transitional Graphical User Interface,2.0,Seat strategy total simply discover soon.,2025-03-21 12:05:54,greenjoe@finley-turner.org,Promdrsses,363.36,Fufilled,Germany
ff50bde4-3825-47b8-9cab-cc97663f1c97,Expanded Systemic Productivity,2.0,Pm per question return process stuff pick tough position final kid often run bed far section compare.,2025-04-22 15:13:50,desiree30@wilson.net,Cocktail Dresses,159.79,Cancelled,Canada
7e570ddf-8270-40a8-a369-b584ff5e9ff0,Fundamental Motivating Matrix,3.0,Skill theory hand maybe evening.,2025-01-15 07:42:11,fowlershelia@yahoo.com,Plus Size Dresses,52.5,Fulfilled,Canada
dc713d96-0c0f-4195-817a-f08a1745d6d8,Function-Based Actuating Array,1.0,Either station loss southern second full boy while cell whom team right woman whose source hand.,2025-01-25 08:03:54,susanmendoza@adkins-obrien.biz,,396.52,,Canada
28f49481-a0a0-4dc4-a720-9bdf1c11f735,Sharable Interactive Focus Group,1.0,Add Mr lawyer pull public once state wait board doctor agent this no trip determine as statement travel few impact.,2025-03-03 13:27:21,kathleenbecker@hotmail.com,Plus Size Dresses,241.32,Returned,United Kingdom
98ae4334-6c12-4ce8-ae34-0454cac5b68c,Balanced 24Hour Groupware,4.0,Animal also you break doctor Mr home he we recent music onto.,2025-05-05 17:30:53,xrice@stark.com,Evening Gowns,481.08,,Australia
988c24c9-61b1-4d22-a280-1c4510435a10,Visionary Clear-Thinking Productivity,1.0,Those pressure street past voice evidence real describe know door guy wonder happen top population.,2025-01-15 09:38:02,franklinbond@wilson-harris.org,Prom Dresses,72.6,Returned,Germany
405cacec-8774-49a9-b7d2-1e02ff01cf99,Fundamental Cohesive Support,3.0,Huge couple business summer lawyer production.,2025-03-29 09:01:59,nolansean@gmail.com,Cocktail Dreses,431.75,Fulfilled,Germany
f143262f-dc5c-4eed-8da0-365bf89897b9,Organic Neutral Strategy,3.0,Wife anything four writer skin day stop never only spend do similar small other everyone worker would music sometimes body.,2025-04-01 10:56:24,williambryant@gmail.com,Plus Size Dresses,410.64,Returned,Germany
1d53434b-b881-49b9-ae27-0da702f06b90,Optimized Next Generation Access,5.0,Capital group small open administration enter camera inside.,2025-05-13 01:32:15,jennifer64@gmail.com,Evening Gowns,494.55,Cancelled,Australia
c0398710-8976-4334-a281-7efdae849217,Customizable Asynchronous Solution,3.0,Second live sing message board mean war analysis situation term miss leader who article.,2025-04-11 11:04:20,williamsmelvin@weaver.com,Evening Gowns,477.52,Fufilled,United States
5715bd6f-a416-4293-84c2-e2e3444ea7c8,Distributed Needs-Based Alliance,1.0,Suggest international blue Republican kitchen tonight focus chance call person one Republican.,2025-03-08 21:33:18,mitchellhector@gmail.com,Promdrsses,325.69,,Canada
f8cda88b-436d-46e2-b83c-fe0be037e5ed,Balanced Fault-Tolerant Hierarchy,5.0,Human role fine fine effort well rather listen before be it.,2025-05-05 05:39:20,david86@anderson.com,Bridesmaid Dresses,384.64,Delayed,Australia
a013ac6e-deda-4e16-9b3d-bd5ce9a1fa6f,Synergized Dynamic Secured Line,4.0,Speech news only no.,2025-02-05 08:00:34,johnreed@yahoo.com,Cocktail Dreses,336.95,Delayed,Australia
81f631d4-a392-41a7-9777-a4774c66e0a8,Customer-Focused Heuristic Time-Frame,1.0,Prove improve them wait.,2025-01-26 01:20:13,johnsondonna@miranda.com,Evening Gowns,284.58,Fufilled,United States
5fb8d16c-2720-497d-b2eb-d6899be578c7,Realigned Incremental Process Improvement,5.0,Test return why outside goal.,2025-03-26 00:08:50,wheelersean@warner.biz,Prom Dresses,173.57,Delaye,Germany
f4188f3f-8a14-4e62-a95b-4715c333e861,User-Friendly Coherent Encoding,3.0,Medical choice lot suggest glass news boy everything difficult investment night should perform push.,2025-04-08 15:30:54,amberwebster@gmail.com,Prom Dresses,178.58,Fufilled,Canada
7d154385-52fb-443b-9954-6eb400257ad1,Assimilated Context-Sensitive Support,5.0,Attorney scientist will begin most heavy law church find food walk other third choose senior anyone bank kitchen interest.,2025-01-25 02:37:57,roberthill@fry.biz,Evening Gowns,112.27,Delaye,United States
5cec4eb5-edd9-4831-9ca3-5cfb04fc6d82,Managed Zero Tolerance Installation,3.0,Kind event sense box involve exist question main project animal house out account feeling deep case eight foreign account section compare herself region matter.,2025-04-11 14:31:51,comptonshelly@hotmail.com,Promdrsses,362.28,,United States
ce88cb2d-d4e8-4839-bc3e-058be0f3eab0,Synchronized User-Facing Workforce,5.0,Author technology amount affect TV television office of remember.,2025-01-30 17:06:13,heather62@yahoo.com,Bridesmaid Dresses,78.9,Delaye,Germany
d0e6e660-7c69-4ee1-bb5e-4bcf15ed6269,Automated Methodical Definition,1.0,Four collection member box member town glass road standard spring door chair culture own.,2025-02-01 10:49:14,igrant@yahoo.com,Evening Gowns,457.18,Returned,United Kingdom
885f6e66-c2b6-42c5-ba5d-310011b7e948,Exclusive Logistical Hardware,1.0,Concern significant.,2025-03-04 15:42:29,james17@davis-hardy.com,Plus Size Dresses,362.99,Returned,United States
9b49bd26-df57-459a-8715-a10343dac043,Open-Architected Full-Range Focus Group,3.0,Ten physical character attention kind field.,2025-03-09 04:35:03,srocha@padilla.com,Promdrsses,389.06,Delaye,Australia
edcd465e-3638-4821-b6e0-7cc06c52c49f,Cloned Zero Administration Focus Group,1.0,Option goal avoid left also hard expert popular.,2025-04-11 18:14:20,powens@yahoo.com,Cocktail Dresses,479.04,Cancelled,United Kingdom
b09b2a5c-badc-432a-8159-0f538a0f4efb,Monitored Secondary Migration,2.0,Past medical leg never.,2025-02-25 03:45:39,michael77@gmail.com,Cocktail Dresses,386.38,Cancelled,United Kingdom
66245bfa-4fcc-439a-b683-d2e6337ea2df,Open-Architected Systematic Monitoring,1.0,Last special prepare focus little character artist.,2025-01-16 07:30:49,robin55@yahoo.com,Prom Dresses,321.46,,United Kingdom
5f987c71-a65e-488e-abf3-ad39fec21bbe,Managed 4Thgeneration Budgetary Management,4.0,Specific study word.,2025-02-18 15:54:19,joycesmith@donovan.com,Promdrsses,148.74,Delayed,Australia
7394988f-847f-49b4-a64d-1bcb702753a1,Fundamental Context-Sensitive Paradigm,3.0,Mean common easy just keep mission city health executive impact full our smile positive.,2025-02-08 02:49:59,jerry93@pierce-harding.com,Cocktail Dreses,63.06,,Canada
01d74256-3860-4ab6-96a4-02f23ae8cc93,Upgradable Zero Tolerance Functionalities,3.0,Can remember be next poor.,2025-02-23 07:02:04,jenniferfreeman@mooney.com,Bridesmaid Dresses,107.43,Returned,United Kingdom
0f1259e0-a18f-46b6-b535-106e122c9a56,Optional Real-Time Migration,2.0,Spend prove stock school rate money position interest gun guy.,2025-01-25 07:20:09,gutierrezmegan@jones.com,Bridesmaid Dresses,62.13,Delayed,United States
080aadfb-e7c9-4b26-9141-25c63a9bedd4,Customizable Human-Resource Orchestration,3.0,Week game she court yourself choice fast small medical music school money product then.,2025-05-02 08:48:55,nbrooks@estrada.info,Cocktail Dreses,303.98,,United States
839fbc50-1223-4513-9496-f63cdc1110c1,Ergonomic Eco-Centric Analyzer,3.0,Capital heavy class story side speak close join improve put down know expect security large move finally speak light strong.,2025-02-28 19:15:53,patelrobert@moreno.net,Evening Gowns,,Returned,United Kingdom
7c441fe7-ab42-40a7-874a-493b3ceddf2d,Triple-Buffered Intermediate Ability,2.0,Question now key show sing me industry class.,2025-04-30 07:26:35,shawheidi@yahoo.com,Bridesmaid Dresses,111.06,Delaye,United Kingdom
93829b43-922f-415a-a1e3-db63ef7ddc76,Up-Sized User-Facing Support,3.0,Challenge join watch develop later glass ago apply maybe dog yes heart agreement us stuff practice social case expert stop receive.,2025-01-19 03:24:28,laura15@yahoo.com,Cocktail Dreses,145.25,Fufilled,Germany
dd2467ac-778e-4db3-a93d-ffbc6c6fa611,Switchable Bottom-Line Success,1.0,And national spend.,2025-04-25 22:01:38,hallrachel@clay.com,Prom Dresses,58.72,Returned,Germany
a748dbcf-ac61-4e63-8dde-29a6baa4b71a,Innovative Motivating Function,5.0,Store range wonder long consider care respond want already cut social though firm financial huge spring.,2025-04-23 18:00:31,whitemelissa@gmail.com,Cocktail Dreses,499.96,,Australia
ccf3a171-56dc-4907-ba6c-34ab6712303a,Open-Architected Tangible Frame,2.0,Education send course ground.,2025-02-03 05:51:09,irhodes@reyes-singh.com,,343.29,Delayed,Canada
310c0c00-3fa7-4104-9bf9-0e27dc96925e,Reactive Clear-Thinking Core,5.0,Tend forward buy happy threat sea thus hit wind many marriage under.,2025-05-08 21:55:03,davisjesse@gmail.com,Cocktail Dresses,477.33,Returned,United States
766ecb15-474e-4c19-aef9-12766c006f61,Synergistic Value-Added Conglomeration,2.0,Guy song quickly well central parent sit alone attack sing hand him note painting quickly we head several off morning huge.,2025-05-20 22:23:31,whenry@hotmail.com,,106.8,Cancelled,United Kingdom
db20a56e-dc81-4fe7-8eda-8bbb71710434,Open-Architected Neutral Ability,4.0,Economic box save material.,2025-03-07 13:25:16,bartonkenneth@gmail.com,Plus Size Dresses,364.76,Cancelled,Germany
a6f2f7b8-0cf3-4b58-9910-8be58ce21ea3,Innovative Executive Database,4.0,Trial brother simple region Democrat partner really your customer career.,2025-04-20 10:39:01,adamsnorman@moore.com,Cocktail Dresses,125.51,Cancelled,Germany
03c72ba8-d605-4770-8a63-f881ffd0f9d5,Optional Zero Tolerance Paradigm,3.0,Later together knowledge because radio suffer.,2025-01-08 23:58:45,sean41@miller.info,Cocktail Dresses,386.57,Cancelled,Canada
